Keyword,Position,Previous position,Search Volume,Keyword Difficulty,CPC,URL,Traffic,Traffic (%),Traffic Cost,Competition,Number of Results,Trends,Timestamp,SERP Features by Keyword,Keyword Intents,Position Type
vbeam laser rabat morocco,3,3,1000,20,0.00,https://www.dabadoc.com/ma/en/laser-vasculaire/rabat,44,55.69,0.00,0,485,"[100,0]",2025-11-27,"Local pack, Video, Image",commercial,Organic
dermatologue gauthier,2,2,210,3,0.00,https://www.dabadoc.com/ma/dermatologue/casablanca/gauthier,27,34.17,0.00,0.01,114000,"[3,0,0,23,44,35,81,100,66,23,23,66]",2025-12-16,"Image pack, Sitelinks, Video, Related searches, See results about",informational,Organic
dermatologue casablanca,1,1,50,0,0.00,https://www.dabadoc.com/ma/dermatologue/casablanca,6,7.59,0.00,0,682000,"[9,4,4,9,4,9,33,52,52,14,23,100]",2025-12-21,"Local pack, Sitelinks, Video, Image, People also ask, Related searches",commercial,Organic
vbeam laser rabat morocco,19,19,1000,20,0.00,https://www.dabadoc.com/ma/en/epilation-laser/rabat,1,1.26,0.00,0,485,"[100,0]",2025-11-27,"Local pack, Video, Image",commercial,Organic
مراكز علاج الإدمان في المغرب,1,1,90,6,0.00,https://www.dabadoc.com/ma/ar/addictologue/casablanca,1,1.26,0.00,0,10,"[50,35,64,100,64]",2025-11-16,"Local pack, Image pack, Video, Video Carousel, People also ask, Related searches",commercial,People also ask
doctoliub,86,86,480,74,1.25,https://www.dabadoc.com/ma,0,0,0.00,0.02,11600000,"[0,0,0,0,0,20,0,100,0,0,0,0]",2025-11-26,"Knowledge panel, Sitelinks, Video, People also ask, Related searches",navigational,Organic
doclib,87,87,1000,75,1.25,https://www.dabadoc.com/ma,0,0,0.00,0.02,10900000,"[16,24,20,30,34,8,100,44,24,34,65,24]",2025-12-08,"Knowledge panel, Sitelinks, Video, People also ask, Related searches",navigational,Organic
doctloib,95,95,50,72,1.85,https://www.dabadoc.com/ma,0,0,0.00,0.03,11000000,"[0,100,0,0,0,0,0,0,0,0,0,0]",2025-12-26,"Knowledge panel, Sitelinks, Video, People also ask, Related searches",navigational,Organic
dr samir wahib,93,93,140,12,0.00,https://www.dabadoc.com/ma/ophtalmologue/fes/abdelkafi-lachachi-mohamed,0,0,0.00,0,10,"[8,8,10,8,8,8,8,8,8,8,10,13]",2025-11-13,"Knowledge panel, Image pack, Image",informational,Organic
chirurgien viscéral,98,98,170,15,0.00,https://www.dabadoc.com/ma,0,0,0.00,0,1130000,"[1,1,1,0,0,0,0,100,0,0,0,0]",2025-09-08,"Image pack, Sitelinks, Video, Image, People also ask, Related searches, Things to know",,Organic
doctor casablanca,42,42,50,15,4.65,https://www.dabadoc.com/ma/en/general-practitioner/casablanca/california,0,0,0.00,0.05,42500000,"[14,14,35,50,50,35,35,50,50,50,35,0]",2025-12-02,"Image pack, Sitelinks, Video, Image, Related searches",commercial,Organic
doctor casablanca,60,60,50,15,4.65,https://www.dabadoc.com/ma/en/ear-nose-and-throat-doctor-ent/casablanca/california,0,0,0.00,0.05,42500000,"[14,14,35,50,50,35,35,50,50,50,35,0]",2025-12-02,"Image pack, Sitelinks, Video, Image, Related searches",commercial,Organic
flux acupuncture,66,66,170,25,0.00,https://www.dabadoc.com/ma,0,0,0.00,0.04,873000,"[80,80,80,80,66,80,80,80,100,80,66,80]",2025-12-01,"Local pack, Sitelinks, Video, Related searches","commercial, navigational",Organic
لحبابي,23,23,140,12,0.00,https://www.dabadoc.com/ma/ar/gastro-enterologue/fes/mounia-lahbabi,0,0,0.00,0,17900000,"[43,43,34,53,28,53,28,34,21,28,65,43]",2025-09-10,"Knowledge panel, Video, People also ask",informational,Organic
لحبابي,75,75,140,12,0.00,https://www.dabadoc.com/ma/ar/neonatologiste/casablanca/mohamed-said-lahbabi,0,0,0.00,0,17900000,"[43,43,34,53,28,53,28,34,21,28,65,43]",2025-09-10,"Knowledge panel, Video, People also ask",informational,Organic
chirurgien,68,68,170,31,0.00,https://www.dabadoc.com/ma,0,0,0.00,0,17400000,"[36,15,23,19,19,29,23,23,23,12,19,29]",2025-12-08,"Instant answer, Video, People also ask, Related searches",informational,Organic
doctor morocco,93,93,50,27,4.44,https://www.dabadoc.com/ma,0,0,0.00,0.03,114000000,"[1,0,0,0,100,3,3,0,1,1,0,0]",2025-12-18,"Knowledge panel, Local pack, Sitelinks, Video, Image, People also ask, Related searches",commercial,Organic
dr elazizi,36,36,40,23,0.00,https://www.dabadoc.com/ma/en/diabetologist/tanger/lamiaa-elazizi,0,0,0.00,0.01,30400,"[100,18,18,18,100,18,18,18,18,18,18,18]",2025-12-11,"Knowledge panel, Image pack, Sitelinks, Video, Image, People also ask, Related searches","informational, transactional",Organic
dr hatimi,43,43,70,22,0.00,https://www.dabadoc.com/ma/gynecologue/rabat/rachid-hatimi,0,0,0.00,0.01,74000,"[45,63,45,63,63,63,63,63,45,63,81,81]",2025-10-26,"Knowledge panel, Image pack, Video, Related searches",informational,Organic
dr othman el alami,4,4,70,10,0.00,https://www.dabadoc.com/ma/en/dentist/marrakech/othman-el-alami,0,0,0.00,0,179000,"[45,45,63,63,45,27,45,63,63,45,63,100]",2025-12-08,"Knowledge panel, Image pack, Video, Related searches",informational,Image pack
dr othman el alami,20,20,70,10,0.00,https://www.dabadoc.com/ma/en/dentist/marrakech/othman-el-alami,0,0,0.00,0,179000,"[45,45,63,63,45,27,45,63,63,45,63,100]",2025-12-08,"Knowledge panel, Image pack, Video, Related searches",informational,Organic
clinique neuropsychologie,98,98,50,25,0.00,https://www.dabadoc.com/ma,0,0,0.00,0,2020000,"[0,0,0,29,29,41,52,82,100,0,5,0]",2025-12-14,"Local pack, Sitelinks, Related searches",commercial,Organic
harkani,45,45,70,23,0.00,https://www.dabadoc.com/ma/en/radiologist/mohammedia/abdelghani-harkani,0,0,0.00,0,102000,"[23,23,42,23,33,23,33,42,52,33,33,42]",2025-12-18,"Image pack, Video, Image, Video Carousel, AI overview",informational,Organic
harkani,90,90,70,23,0.00,https://www.dabadoc.com/ma/radiologue/mohammedia/abdelghani-harkani,0,0,0.00,0,102000,"[23,23,42,23,33,23,33,42,52,33,33,42]",2025-12-18,"Image pack, Video, Image, Video Carousel, AI overview",informational,Organic
oncologue,49,49,320,28,0.00,https://www.dabadoc.com/ma,0,0,0.00,0,1250000,"[0,0,3,0,1,2,2,0,3,3,0,100]",2025-10-07,"Knowledge panel, Video, People also ask, Related searches, AI overview",informational,Organic
docolib,81,81,210,73,1.25,https://www.dabadoc.com/ma,0,0,0.00,0.02,10600000,"[66,1,36,29,29,23,44,1,0,23,81,9]",2025-12-17,"Knowledge panel, Sitelinks, Video, People also ask, Related searches",navigational,Organic
doctena,36,36,170,39,0.06,https://www.dabadoc.com/ma,0,0,0.00,0.02,38,"[18,29,22,43,22,43,22,100,35,35,35,22]",2025-09-10,"Knowledge panel, Image pack, Sitelinks, Video, Related searches",navigational,Organic
docteur jawad,79,79,140,12,2.88,https://www.dabadoc.com/ma,0,0,0.00,0.04,96600,"[80,80,66,80,100,80,80,66,66,80,0,0]",2025-12-16,"Video, Video Carousel, People also ask, Related searches, AI overview","informational, transactional",Organic
اقرب مشفى من موقعي,62,62,70,13,0.00,https://www.dabadoc.com/ma/ar/dermatologue/casablanca,0,0,0.00,0.04,8560000,"[77,77,55,77,77,77,77,77,77,77,77,77]",2025-12-10,"Image pack, Sitelinks, Video, Image, Related searches, AI overview",informational,Organic
orl casa,11,11,50,12,0.00,https://www.dabadoc.com/ma/oto-rhino-laryngologiste-orl/casablanca/allouane-mohamed-amine,0,0,0.00,0,8800000,"[65,34,65,6,0,6,0,6,0,0,6,0]",2025-12-21,"Image pack, Sitelinks, Video, Related searches, AI overview",informational,Organic
orl casa,29,29,50,12,0.00,https://www.dabadoc.com/ma/oto-rhino-laryngologiste-orl/casablanca/allouane-mohamed-amine,0,0,0.00,0,8800000,"[65,34,65,6,0,6,0,6,0,0,6,0]",2025-12-21,"Image pack, Sitelinks, Video, Related searches, AI overview",informational,Organic
orl casa,31,31,50,12,0.00,https://www.dabadoc.com/ma/oto-rhino-laryngologiste-orl/casablanca/allouane-mohamed-amine,0,0,0.00,0,8800000,"[65,34,65,6,0,6,0,6,0,0,6,0]",2025-12-21,"Image pack, Sitelinks, Video, Related searches, AI overview",informational,Organic
orl casa,82,82,50,12,0.00,https://www.dabadoc.com/ma/orl-et-laryngologie/casablanca,0,0,0.00,0,8800000,"[65,34,65,6,0,6,0,6,0,0,6,0]",2025-12-21,"Image pack, Sitelinks, Video, Related searches, AI overview",informational,Organic
orl casa,89,89,50,12,0.00,https://www.dabadoc.com/ma/oto-rhino-laryngologiste-orl/casablanca/isaac-cohen,0,0,0.00,0,8800000,"[65,34,65,6,0,6,0,6,0,0,6,0]",2025-12-21,"Image pack, Sitelinks, Video, Related searches, AI overview",informational,Organic
orl casa,93,93,50,12,0.00,https://www.dabadoc.com/ma/oto-rhino-laryngologiste-orl/casablanca/med-amine-hessissen,0,0,0.00,0,8800000,"[65,34,65,6,0,6,0,6,0,0,6,0]",2025-12-21,"Image pack, Sitelinks, Video, Related searches, AI overview",informational,Organic
orl casa,96,96,50,12,0.00,https://www.dabadoc.com/ma/oto-rhino-laryngologiste-orl/casablanca/mustapha-essaadi,0,0,0.00,0,8800000,"[65,34,65,6,0,6,0,6,0,0,6,0]",2025-12-21,"Image pack, Sitelinks, Video, Related searches, AI overview",informational,Organic
cabinet confirmations,96,96,9900,63,0.00,https://www.dabadoc.com/ma,0,0,0.00,0,910000,"[0,0,81,100,4,0,0,0,0,0,0,0]",2025-12-28,"Image pack, Sitelinks, Video, Video Carousel, People also ask, Related searches, AI overview",informational,Organic
dr kada,5,5,40,24,0.00,https://www.dabadoc.com/ma/oto-rhino-laryngologiste-orl/rabat/rahim-kada,0,0,0.00,0.01,56700000,"[50,35,35,14,14,78,14,14,14,14,14,14]",2025-12-08,"Knowledge panel, Image pack, Video",informational,Image pack
dr kada,29,29,40,24,0.00,https://www.dabadoc.com/ma/oto-rhino-laryngologiste-orl/rabat/rahim-kada,0,0,0.00,0.01,56700000,"[50,35,35,14,14,78,14,14,14,14,14,14]",2025-12-08,"Knowledge panel, Image pack, Video",informational,Organic
adhd medecin,39,39,140,26,4.00,https://www.dabadoc.com/ma/trouble-du-deficit-dattention,0,0,0.00,0.31,254000,"[0,0,0,0,0,0,0,100,0,0,0,0]",2025-12-12,"Sitelinks, Video, Video Carousel, People also ask, Related searches, AI overview",informational,Organic
urologue,79,79,390,13,0.00,https://www.dabadoc.com/ma,0,0,0.00,0,1780000,"[46,8,11,11,11,7,8,7,7,7,100,7]",2025-12-26,"Knowledge panel, Sitelinks, Video, Video Carousel, People also ask, Related searches, AI overview",informational,Organic
doctorlib,76,76,720,74,1.25,https://www.dabadoc.com/ma,0,0,0.00,0.02,10700000,"[16,31,46,52,25,68,52,25,16,16,52,37]",2025-12-10,"Knowledge panel, Sitelinks, Video, People also ask, Related searches",navigational,Organic
ilham khalil,48,48,90,24,0.00,https://www.dabadoc.com/ma/en/dietitian/casablanca/ilham-jaoui-khalil-dietitian-casablanca,0,0,0.00,0,295000,"[14,14,14,78,78,78,78,78,100,100,35,14]",2025-12-04,"Image pack, Video, Image, People also ask, See results about","commercial, informational",Organic
dr draoui,28,28,40,24,2.14,https://www.dabadoc.com/ma/en/cardiologist/meknes/khalid-draoui-1,0,0,0.00,0.07,34400,"[18,18,18,18,18,18,18,100,100,18,100,18]",2025-10-29,"Local pack, Image pack, Related searches",commercial,Organic
dr draoui,37,37,40,24,2.14,https://www.dabadoc.com/ma/en/urologist/rabat/hamid-draoui,0,0,0.00,0.07,34400,"[18,18,18,18,18,18,18,100,100,18,100,18]",2025-10-29,"Local pack, Image pack, Related searches",commercial,Organic
dr draoui,68,68,40,24,2.14,https://www.dabadoc.com/ma/chirurgien-visceral/rabat/hamid-draoui,0,0,0.00,0.07,34400,"[18,18,18,18,18,18,18,100,100,18,100,18]",2025-10-29,"Local pack, Image pack, Related searches",commercial,Organic
هوري,63,63,260,26,0.00,https://www.dabadoc.com/ma,0,0,0.00,0.01,92,"[54,44,29,36,66,36,23,36,15,19,54,29]",2025-09-08,"People also ask, Related searches, AI overview",informational,Organic
dr noun,49,49,50,4,0.00,https://www.dabadoc.com/ma/gynecologue/casablanca/mohamed-noun,0,0,0.00,0,30300000,"[23,23,23,19,23,23,23,33,33,9,9,9]",2025-09-12,"Knowledge panel, Image pack, Sitelinks, Video, People also ask, Related searches",informational,Organic
medcin,74,74,170,18,3.82,https://www.dabadoc.com/ma,0,0,0.00,0.04,10,"[39,17,14,39,4,0,11,59,0,0,14,1]",2025-11-08,"Knowledge panel, Image pack, Sitelinks, Video, Image, People also ask, Related searches, AI overview",informational,Organic
jamili,83,83,40,24,0.00,https://www.dabadoc.com/ma,0,0,0.00,0,98,"[0,0,21,0,21,100,0,0,0,0,0,0]",2025-09-10,"People also ask, Related searches",informational,Organic
paradontics,14,14,70,25,0.00,https://www.dabadoc.com/ma/en/paradontie/page/3,0,0,0.00,0,1100,"[0,1,1,20,1,11,2,0,2,0,0,4]",2025-12-20,"Local pack, Image pack, Sitelinks, Video, Image, Video Carousel, Related searches, AI overview",commercial,Organic
paradontics,18,18,70,25,0.00,https://www.dabadoc.com/ma/en/paradontie/fes,0,0,0.00,0,1100,"[0,1,1,20,1,11,2,0,2,0,0,4]",2025-12-20,"Local pack, Image pack, Sitelinks, Video, Image, Video Carousel, Related searches, AI overview",commercial,Organic
paradontics,19,19,70,25,0.00,https://www.dabadoc.com/ma/en/paradontie/marrakech,0,0,0.00,0,1100,"[0,1,1,20,1,11,2,0,2,0,0,4]",2025-12-20,"Local pack, Image pack, Sitelinks, Video, Image, Video Carousel, Related searches, AI overview",commercial,Organic
paradontics,22,22,70,25,0.00,https://www.dabadoc.com/ma/en/paradontie/mohammedia,0,0,0.00,0,1100,"[0,1,1,20,1,11,2,0,2,0,0,4]",2025-12-20,"Local pack, Image pack, Sitelinks, Video, Image, Video Carousel, Related searches, AI overview",commercial,Organic
paradontics,24,24,70,25,0.00,https://www.dabadoc.com/ma/en/paradontie/casablanca,0,0,0.00,0,1100,"[0,1,1,20,1,11,2,0,2,0,0,4]",2025-12-20,"Local pack, Image pack, Sitelinks, Video, Image, Video Carousel, Related searches, AI overview",commercial,Organic
paradontics,25,25,70,25,0.00,https://www.dabadoc.com/ma/en/paradontie/agadir,0,0,0.00,0,1100,"[0,1,1,20,1,11,2,0,2,0,0,4]",2025-12-20,"Local pack, Image pack, Sitelinks, Video, Image, Video Carousel, Related searches, AI overview",commercial,Organic
paradontics,26,26,70,25,0.00,https://www.dabadoc.com/ma/en/paradontie/sale,0,0,0.00,0,1100,"[0,1,1,20,1,11,2,0,2,0,0,4]",2025-12-20,"Local pack, Image pack, Sitelinks, Video, Image, Video Carousel, Related searches, AI overview",commercial,Organic
dcotolib,95,95,140,73,1.85,https://www.dabadoc.com/ma,0,0,0.00,0.03,11000000,"[72,0,0,0,100,0,0,0,0,0,0,0]",2025-12-26,"Knowledge panel, Sitelinks, Video, People also ask, Related searches",navigational,Organic
doctolib.,97,97,90,68,0.00,https://www.dabadoc.com/ma,0,0,0.00,0,10700000,"[10,0,0,0,0,67,0,0,0,0,0,0]",2025-12-17,"Knowledge panel, Sitelinks, Video, Related searches",navigational,Organic
battas,37,37,140,26,8.71,https://www.dabadoc.com/ma/gastro-enterologue/rabat/yamina-belqasmi-battas-gastro-enterologue-rabat,0,0,0.00,0.04,79400,"[0,0,0,0,0,0,0,0,0,100,0,0]",2025-11-10,"Image pack, Video, Image, Video Carousel, People also ask",informational,Organic
gnathologist,53,53,70,0,3.36,https://www.dabadoc.com/ma/en/gnathologist,0,0,0.00,0.06,9,"[15,11,19,19,19,19,53,19,15,11,42,53]",2025-11-11,"Image pack, Video, Image, Ads bottom, People also ask, Related searches, AI overview",informational,Organic
gnathologist,78,78,70,0,3.36,https://www.dabadoc.com/ma/en/gnathologist/temara,0,0,0.00,0.06,9,"[15,11,19,19,19,19,53,19,15,11,42,53]",2025-11-11,"Image pack, Video, Image, Ads bottom, People also ask, Related searches, AI overview",informational,Organic
gnathologist,82,82,70,0,3.36,https://www.dabadoc.com/ma/en/gnathologist/settat,0,0,0.00,0.06,9,"[15,11,19,19,19,19,53,19,15,11,42,53]",2025-11-11,"Image pack, Video, Image, Ads bottom, People also ask, Related searches, AI overview",informational,Organic
gnathologist,83,83,70,0,3.36,https://www.dabadoc.com/ma/en/gnathologist/oujda,0,0,0.00,0.06,9,"[15,11,19,19,19,19,53,19,15,11,42,53]",2025-11-11,"Image pack, Video, Image, Ads bottom, People also ask, Related searches, AI overview",informational,Organic
obstetricien definition francais,83,83,40,15,0.00,https://www.dabadoc.com/ma,0,0,0.00,0,802000,"[23,11,11,100,11,52,52,11,11,0,11,11]",2025-10-19,"Video, People also ask, Related searches, AI overview",informational,Organic
el bakkal,48,48,50,17,0.00,https://www.dabadoc.com/ma/en/thoracic-surgeon/fes/abderrahime-el-bakkal,0,0,0.00,0,10,"[2,1,2,2,1,1,1,2,3,2,3,2]",2025-11-13,"Image pack, Video, Image, People also ask, Related searches","commercial, informational",Organic
docmed,78,78,90,25,4.91,https://www.dabadoc.com/ma,0,0,0.00,0.19,216000,"[9,9,9,7,9,9,11,9,7,9,7,9]",2025-12-30,"Knowledge panel, Sitelinks, Video, People also ask, Related searches",navigational,Organic
amina baha,31,31,50,18,0.00,https://www.dabadoc.com/ma/en/general-practitioner/temara/amina-baha,0,0,0.00,0,10,"[64,100,64,0,11,11,11,11,11,11,11,11]",2025-11-12,"Image pack, Video, Image",informational,Organic
amina baha,53,53,50,18,0.00,https://www.dabadoc.com/ma/medecin-generaliste/temara/amina-baha,0,0,0.00,0,10,"[64,100,64,0,11,11,11,11,11,11,11,11]",2025-11-12,"Image pack, Video, Image",informational,Organic
docteur draoui,22,22,50,8,2.76,https://www.dabadoc.com/ma/traumatologue-orthopediste/rabat/mohamed-draoui,0,0,0.00,0.08,43600,"[23,4,9,19,100,9,52,14,0,52,0,0]",2025-12-07,"Video, Related searches","commercial, informational",Organic
docteur draoui,34,34,50,8,2.76,https://www.dabadoc.com/ma/traumatologue-orthopediste/rabat/mohamed-draoui,0,0,0.00,0.08,43600,"[23,4,9,19,100,9,52,14,0,52,0,0]",2025-12-07,"Video, Related searches","commercial, informational",Organic
docteur draoui,45,45,50,8,2.76,https://www.dabadoc.com/ma/chirurgien-visceral/rabat/hamid-draoui,0,0,0.00,0.08,43600,"[23,4,9,19,100,9,52,14,0,52,0,0]",2025-12-07,"Video, Related searches","commercial, informational",Organic
docteur draoui,62,62,50,8,2.76,https://www.dabadoc.com/ma/chirurgien-visceral/rabat/hamid-draoui,0,0,0.00,0.08,43600,"[23,4,9,19,100,9,52,14,0,52,0,0]",2025-12-07,"Video, Related searches","commercial, informational",Organic
docteur draoui,73,73,50,8,2.76,https://www.dabadoc.com/ma/en/cardiologist/meknes/khalid-draoui-1,0,0,0.00,0.08,43600,"[23,4,9,19,100,9,52,14,0,52,0,0]",2025-12-07,"Video, Related searches","commercial, informational",Organic
dermatologue casablanca,18,18,50,0,0.00,https://www.dabadoc.com/ma/dermatologue/casablanca/samira-el-haimeur,0,0,0.00,0,682000,"[9,4,4,9,4,9,33,52,52,14,23,100]",2025-12-21,"Local pack, Sitelinks, Video, Image, People also ask, Related searches",commercial,Organic
dermatologue casablanca,24,24,50,0,0.00,https://www.dabadoc.com/ma/dermatologue/casablanca/rachid-jarmouni-idrissi,0,0,0.00,0,682000,"[9,4,4,9,4,9,33,52,52,14,23,100]",2025-12-21,"Local pack, Sitelinks, Video, Image, People also ask, Related searches",commercial,Organic
dermatologue casablanca,32,32,50,0,0.00,https://www.dabadoc.com/ma/dermatologue/casablanca/fatima-zahra-debbarh,0,0,0.00,0,682000,"[9,4,4,9,4,9,33,52,52,14,23,100]",2025-12-21,"Local pack, Sitelinks, Video, Image, People also ask, Related searches",commercial,Organic
dermatologue casablanca,40,40,50,0,0.00,https://www.dabadoc.com/ma/dermatologue/casablanca/tam-el-ouazzani-ech-chahdi-ep-lakhloufi,0,0,0.00,0,682000,"[9,4,4,9,4,9,33,52,52,14,23,100]",2025-12-21,"Local pack, Sitelinks, Video, Image, People also ask, Related searches",commercial,Organic
dermatologue casablanca,57,57,50,0,0.00,https://www.dabadoc.com/ma/dermatologue/casablanca/maarif,0,0,0.00,0,682000,"[9,4,4,9,4,9,33,52,52,14,23,100]",2025-12-21,"Local pack, Sitelinks, Video, Image, People also ask, Related searches",commercial,Organic
dermatologue casablanca,64,64,50,0,0.00,https://www.dabadoc.com/ma/dermatologue/casablanca/boulevard-abdelmoumen,0,0,0.00,0,682000,"[9,4,4,9,4,9,33,52,52,14,23,100]",2025-12-21,"Local pack, Sitelinks, Video, Image, People also ask, Related searches",commercial,Organic
dermatologue casablanca,70,70,50,0,0.00,https://www.dabadoc.com/ma/dermatologue/casablanca/nada-srifi,0,0,0.00,0,682000,"[9,4,4,9,4,9,33,52,52,14,23,100]",2025-12-21,"Local pack, Sitelinks, Video, Image, People also ask, Related searches",commercial,Organic
dermatologue casablanca,73,73,50,0,0.00,https://www.dabadoc.com/ma/dermatologue/casablanca/sidi-maarouf,0,0,0.00,0,682000,"[9,4,4,9,4,9,33,52,52,14,23,100]",2025-12-21,"Local pack, Sitelinks, Video, Image, People also ask, Related searches",commercial,Organic
dermatologue casablanca,76,76,50,0,0.00,https://www.dabadoc.com/ma/dermatologue/casablanca/ahlam-asriri,0,0,0.00,0,682000,"[9,4,4,9,4,9,33,52,52,14,23,100]",2025-12-21,"Local pack, Sitelinks, Video, Image, People also ask, Related searches",commercial,Organic
dermatologue casablanca,81,81,50,0,0.00,https://www.dabadoc.com/ma/dermatologue-pediatrique/casablanca/maha-bennani-lahlou,0,0,0.00,0,682000,"[9,4,4,9,4,9,33,52,52,14,23,100]",2025-12-21,"Local pack, Sitelinks, Video, Image, People also ask, Related searches",commercial,Organic
dermatologue casablanca,84,84,50,0,0.00,https://www.dabadoc.com/ma/dermatologue/casablanca/zineb-guessous,0,0,0.00,0,682000,"[9,4,4,9,4,9,33,52,52,14,23,100]",2025-12-21,"Local pack, Sitelinks, Video, Image, People also ask, Related searches",commercial,Organic
dermatologue casablanca,86,86,50,0,0.00,https://www.dabadoc.com/ma/dermatologue/casablanca/fatimazahra-chahboun,0,0,0.00,0,682000,"[9,4,4,9,4,9,33,52,52,14,23,100]",2025-12-21,"Local pack, Sitelinks, Video, Image, People also ask, Related searches",commercial,Organic
dermatologue casablanca,87,87,50,0,0.00,https://www.dabadoc.com/ma/dermatologue/casablanca/gauthier,0,0,0.00,0,682000,"[9,4,4,9,4,9,33,52,52,14,23,100]",2025-12-21,"Local pack, Sitelinks, Video, Image, People also ask, Related searches",commercial,Organic
dermatologue casablanca,90,90,50,0,0.00,https://www.dabadoc.com/ma/dermatologue/casablanca/sara-bouabdella,0,0,0.00,0,682000,"[9,4,4,9,4,9,33,52,52,14,23,100]",2025-12-21,"Local pack, Sitelinks, Video, Image, People also ask, Related searches",commercial,Organic
dermatologue casablanca,92,92,50,0,0.00,https://www.dabadoc.com/ma/dermatologue/casablanca/hay-hassani,0,0,0.00,0,682000,"[9,4,4,9,4,9,33,52,52,14,23,100]",2025-12-21,"Local pack, Sitelinks, Video, Image, People also ask, Related searches",commercial,Organic
dermatologue casablanca,93,93,50,0,0.00,https://www.dabadoc.com/ma/dermatologue/casablanca/yasmina-el-arabi,0,0,0.00,0,682000,"[9,4,4,9,4,9,33,52,52,14,23,100]",2025-12-21,"Local pack, Sitelinks, Video, Image, People also ask, Related searches",commercial,Organic
dermatologue casablanca,94,94,50,0,0.00,https://www.dabadoc.com/ma/dermatologue/casablanca/2-mars,0,0,0.00,0,682000,"[9,4,4,9,4,9,33,52,52,14,23,100]",2025-12-21,"Local pack, Sitelinks, Video, Image, People also ask, Related searches",commercial,Organic
dermatologue casablanca,96,96,50,0,0.00,https://www.dabadoc.com/ma/dermatologue/casablanca/abdellah-mortaki,0,0,0.00,0,682000,"[9,4,4,9,4,9,33,52,52,14,23,100]",2025-12-21,"Local pack, Sitelinks, Video, Image, People also ask, Related searches",commercial,Organic
dermatologue casablanca,98,98,50,0,0.00,https://www.dabadoc.com/ma/dermatologue/casablanca/bourgogne,0,0,0.00,0,682000,"[9,4,4,9,4,9,33,52,52,14,23,100]",2025-12-21,"Local pack, Sitelinks, Video, Image, People also ask, Related searches",commercial,Organic
dentaire marrakech,6,6,50,14,0.00,https://www.dabadoc.com/ma/dentiste/marrakech,0,0,0.00,0.03,1110000,"[18,18,18,18,100,100,100,18,18,18,100,18]",2025-11-07,"Local pack, Sitelinks, Video, Image, Video Carousel, People also ask, Related searches",commercial,Organic
dentaire marrakech,85,85,50,14,0.00,https://www.dabadoc.com/ma/implantologiste/marrakech/salem-benyaich,0,0,0.00,0.03,1110000,"[18,18,18,18,100,100,100,18,18,18,100,18]",2025-11-07,"Local pack, Sitelinks, Video, Image, Video Carousel, People also ask, Related searches",commercial,Organic
aida loudyi,6,6,90,15,0.00,https://www.dabadoc.com/ma/en/internist/casablanca/aida-loudyi-internist-rheumatologist-casablanca,0,0,0.00,0.01,1170,"[29,41,29,29,29,41,52,52,64,82,82,64]",2025-12-02,"Knowledge panel, Image pack, People also ask, Related searches",informational,Image pack
aida loudyi,36,36,90,15,0.00,https://www.dabadoc.com/ma/en/internist/casablanca/aida-loudyi-internist-rheumatologist-casablanca,0,0,0.00,0.01,1170,"[29,41,29,29,29,41,52,52,64,82,82,64]",2025-12-02,"Knowledge panel, Image pack, People also ask, Related searches",informational,Organic
aida loudyi,72,72,90,15,0.00,https://www.dabadoc.com/ma/medecin-interniste/casablanca/aida-loudyi,0,0,0.00,0.01,1170,"[29,41,29,29,29,41,52,52,64,82,82,64]",2025-12-02,"Knowledge panel, Image pack, People also ask, Related searches",informational,Organic
aida loudyi,93,93,90,15,0.00,https://www.dabadoc.com/ma/rhumatologue/casablanca/aida-loudyi,0,0,0.00,0.01,1170,"[29,41,29,29,29,41,52,52,64,82,82,64]",2025-12-02,"Knowledge panel, Image pack, People also ask, Related searches",informational,Organic
سعتي,22,22,90,22,0.00,https://www.dabadoc.com/ma/ar/medecin-generaliste/casablanca/soumya-saati,0,0,0.00,0,10,"[50,64,64,78,78,64,21,64,100,78,50,64]",2025-11-07,"Image pack, Sitelinks, Video, Image, People also ask, Related searches, AI overview",informational,Organic
سعتي,45,45,90,22,0.00,https://www.dabadoc.com/ma/ar/medecin-generaliste/casablanca/soumya-saati,0,0,0.00,0,10,"[50,64,64,78,78,64,21,64,100,78,50,64]",2025-11-07,"Image pack, Sitelinks, Video, Image, People also ask, Related searches, AI overview",informational,Image pack
posturologue,93,93,90,17,0.00,https://www.dabadoc.com/ma,0,0,0.00,0,234000,"[35,14,14,14,64,78,78,50,100,100,100,78]",2025-09-10,"Image pack, Video, AI overview",informational,Organic
mylaser,31,31,40,44,12.68,https://www.dabadoc.com/ma/medecin-esthetique/casablanca/sahib-siham,0,0,0.00,0.03,1800000,"[35,21,21,50,28,100,7,0,21,35,21,28]",2025-12-01,"Sitelinks, Video, Image, Related searches",informational,Organic
rondivo,60,60,90,23,0.00,https://www.dabadoc.com/ma,0,0,0.00,0,303000,"[0,100,0,0,0,0,0,23,0,0,0,0]",2025-12-13,"Sitelinks, Video, Related searches",informational,Organic
cndp maroc,71,71,40,15,0.00,https://www.dabadoc.com/ma,0,0,0.00,0,836000,"[9,9,9,9,9,100,9,9,9,9,9,9]",2025-12-03,"Knowledge panel, Image pack, Sitelinks, Video, Video Carousel, People also ask, Related searches, See results about",navigational,Organic
berocal,21,21,70,19,0.00,https://www.dabadoc.com/ma/en/pulmonologist/oujda/berocal-tejado,0,0,0.00,0.17,17100,"[0,0,0,0,100,0,0,0,0,0,1,0]",2025-09-08,"Related searches, AI overview","commercial, informational",Organic
dr khay,55,55,70,25,0.00,https://www.dabadoc.com/ma/cardiologue/casablanca/khadija-khay,0,0,0.00,0,4000000,"[52,9,9,52,9,9,52,52,52,52,23,33]",2025-12-18,"Knowledge panel, Image pack, Video",informational,Organic
cardiologue,43,43,170,28,3.54,https://www.dabadoc.com/ma,0,0,0.00,0.19,4560000,"[10,10,8,5,5,5,8,5,5,4,5,3]",2025-12-29,"Knowledge panel, Sitelinks, Video, Image, Video Carousel, Related searches, AI overview",informational,Organic
متيا,29,29,50,21,0.00,https://www.dabadoc.com/ma/ar/orthophoniste/marrakech/imane-motia,0,0,0.00,0,10,"[64,78,78,78,100,0,0,0,0,0,0,0]",2025-11-17,"Image pack, Video, Image, People also ask, See results about, AI overview",informational,Organic
متيا,32,32,50,21,0.00,https://www.dabadoc.com/ma/ar/orthophoniste/marrakech/imane-motia,0,0,0.00,0,10,"[64,78,78,78,100,0,0,0,0,0,0,0]",2025-11-17,"Image pack, Video, Image, People also ask, See results about, AI overview",informational,Organic
doctolib,89,89,9900,77,1.85,https://www.dabadoc.com/ma,0,0,0.00,0.03,12600000,"[36,24,29,29,24,44,100,54,44,54,54,54]",2025-12-28,"Knowledge panel, Sitelinks, Video, Related searches",navigational,Organic
dabadaba,90,90,90,34,0.00,https://www.dabadoc.com/ma,0,0,0.00,0.02,10,"[100,64,52,52,82,41,52,41,52,52,41,52]",2025-11-10,"Knowledge panel, Image pack, Sitelinks, Video, Image, Related searches","informational, navigational",Organic
addictologue,51,51,50,15,0.00,https://www.dabadoc.com/ma,0,0,0.00,0.05,10,"[2,2,3,9,9,5,9,9,11,4,2,2]",2025-11-12,"Image pack, Sitelinks, Video, Ads bottom, AI overview","commercial, informational",Organic
dr aida loudyi,9,9,50,19,0.00,https://www.dabadoc.com/ma/en/internist/casablanca/aida-loudyi,0,0,0.00,0,957,"[29,17,11,11,11,11,11,11,64,23,64,64]",2025-12-08,"Knowledge panel, Image pack, Image, Related searches",informational,Image pack
dr aida loudyi,26,26,50,19,0.00,https://www.dabadoc.com/ma/en/internist/casablanca/aida-loudyi,0,0,0.00,0,957,"[29,17,11,11,11,11,11,11,64,23,64,64]",2025-12-08,"Knowledge panel, Image pack, Image, Related searches",informational,Organic
dr aida loudyi,68,68,50,19,0.00,https://www.dabadoc.com/ma/medecin-interniste/casablanca/aida-loudyi,0,0,0.00,0,957,"[29,17,11,11,11,11,11,11,64,23,64,64]",2025-12-08,"Knowledge panel, Image pack, Image, Related searches",informational,Organic
dovtolib,65,65,90,67,1.78,https://www.dabadoc.com/ma,0,0,0.00,0.01,12700000,"[0,0,0,0,0,0,0,100,0,0,0,0]",2025-10-17,"Sitelinks, Video, People also ask, Related searches",navigational,Organic
بالفاس,77,77,140,28,0.00,https://www.dabadoc.com/ma/ar/medecin-generaliste/fes,0,0,0.00,0.01,15900000,"[15,11,15,11,11,11,18,35,100,28,18,23]",2025-11-30,"Knowledge panel, Sitelinks, Video, Image, Video Carousel, People also ask, Related searches, Things to know",informational,Organic
docotlib,95,95,390,74,1.85,https://www.dabadoc.com/ma,0,0,0.00,0.03,10700000,"[24,20,30,16,100,20,0,76,5,20,16,24]",2025-12-22,"Sitelinks, Video, People also ask, Related searches",navigational,Organic
أفضل دكتور عظام في جدة,57,57,90,7,0.00,https://www.dabadoc.com/ma/ar/traumatologue-orthopediste/oujda,0,0,0.00,0,7160000,"[100,100,28,64,64]",2025-12-13,"Local pack, Video, People also ask, Related searches, AI overview",commercial,Organic
أفضل أطباء نفسيين في جدة,96,96,70,8,0.00,https://www.dabadoc.com/ma/ar/psychiatre/oujda,0,0,0.00,0,9250,"[100,42,4,14,14]",2025-12-02,"Sitelinks, Video, People also ask, Related searches, AI overview",informational,Organic
dr jalal ent,32,32,70,12,2.12,https://www.dabadoc.com/ma/en/ear-nose-and-throat-doctor-ent/rabat/jalal-moumene,0,0,0.00,0.19,704000,"[45,81,63,45,81,63,63,81,63,63,63,81]",2025-12-06,"Knowledge panel, Related searches",informational,Organic
أفضل دكتورة نساء وولادة في جدة,52,52,90,3,0.00,https://www.dabadoc.com/ma/ar/gynecologue/oujda,0,0,0.00,0,353000,"[100,42,7,11,26]",2025-11-29,"Image pack, Video, People also ask, Related searches, AI overview",informational,Organic
dbdoc,26,26,70,0,12.38,https://www.dabadoc.com/ma,0,0,0.00,0.2,13400,"[100,81,45,81,81,63,63,63,63,63,63,45]",2025-12-12,"Sitelinks, Video, Image, Related searches",informational,Organic
allergologue,69,69,70,18,0.00,https://www.dabadoc.com/ma,0,0,0.00,0,905000,"[0,5,5,5,0,5,5,4,0,0,0,0]",2025-12-26,"Video, Image, Related searches, AI overview",informational,Organic
dr sebti,64,64,70,13,0.00,https://www.dabadoc.com/ma/gynecologue/kenitra/khalil-sebti,0,0,0.00,0.06,244000,"[63,81,63,63,81,27,100,81,63,63,81,63]",2025-11-16,"Local pack, Video",commercial,Organic
د جهاز هضمى,64,64,30,14,1.57,https://www.dabadoc.com/ma/ar/gastro-enterologue,0,0,0.00,0.09,22800000,"[0,0,100,18,100,18,18,18,18,18,18,18]",2025-12-13,"Video, Video Carousel, People also ask, Related searches, AI overview",informational,Organic
docteur hajar,30,30,90,10,0.00,https://www.dabadoc.com/ma/dermatologue/casablanca/hajar-amarouch,0,0,0.00,0.01,16200000,"[63,63,45,63,81,81,81,81,81,81,63,100]",2025-12-05,"Video, Related searches, See results about","commercial, informational",Organic
docteur hajar,64,64,90,10,0.00,https://www.dabadoc.com/ma/gynecologue-obstetricien/marrakech/hajar-bezzaa,0,0,0.00,0.01,16200000,"[63,63,45,63,81,81,81,81,81,81,63,100]",2025-12-05,"Video, Related searches, See results about","commercial, informational",Organic
دكتوره عظام,50,50,40,7,2.81,https://www.dabadoc.com/ma/ar/traumatologue-orthopediste/nador,0,0,0.00,0.27,25700000,"[100,57,57,71,100,71,71,0,0,57,71,71]",2025-12-16,"Image pack, Sitelinks, Video, Image, People also ask, Related searches, AI overview",informational,Organic
doctor dabs,65,65,50,5,0.00,https://www.dabadoc.com/ma,0,0,0.00,0,46800000,"[50,50,35,35,35,28,28,100,0,21,64,21]",2025-11-05,"Knowledge panel, Sitelinks, Video, Related searches",navigational,Organic
gynécologue obstétricien,61,61,50,30,0.00,https://www.dabadoc.com/ma,0,0,0.00,0,10,"[3,4,4,0,8,0,8,0,1,1,8,1]",2025-11-08,"Image pack, Sitelinks, Video, Featured snippet, Image, Video Carousel, People also ask, Related searches",informational,Organic
docteur sidi,60,60,70,12,0.00,https://www.dabadoc.com/ma,0,0,0.00,0.02,12500000,"[52,29,29,41,29,17,41,41,41,23,41,41]",2025-12-14,"Video, Related searches","commercial, informational",Organic
db doc,29,29,70,52,0.00,https://www.dabadoc.com/ma,0,0,0.00,0.01,10,"[15,19,2,2,12,12,2,2,2,2,2,10]",2025-11-17,"Image pack, Sitelinks, Video, People also ask, Related searches, See results about",informational,Organic
db doc,53,53,70,52,0.00,https://www.dabadoc.com/ma,0,0,0.00,0.01,10,"[15,19,2,2,12,12,2,2,2,2,2,10]",2025-11-17,"Image pack, Sitelinks, Video, People also ask, Related searches, See results about",informational,Organic
طبيب العينين,43,43,70,70,1.48,https://www.dabadoc.com/ma/ar/ophtalmologue/casablanca,0,0,0.00,0.17,133000000,"[63,100,45,63,45,63,63,63,45,45,63,45]",2025-12-27,"Image pack, Sitelinks, Video, Featured snippet, Image, People also ask, Related searches",informational,Organic
طبيب العينين,74,74,70,70,1.48,https://www.dabadoc.com/ma/ar/ophtalmologue/marrakech,0,0,0.00,0.17,133000000,"[63,100,45,63,45,63,63,63,45,45,63,45]",2025-12-27,"Image pack, Sitelinks, Video, Featured snippet, Image, People also ask, Related searches",informational,Organic
doctolib ophtalmo,12,12,50,33,0.00,https://www.dabadoc.com/ma,0,0,0.00,0.01,902000,"[18,18,100,100,100,100,18,18,18,18,18,18]",2025-11-24,"Sitelinks, Related searches",navigational,Organic
doctolib login,59,59,40,33,0.00,https://www.dabadoc.com/ma,0,0,0.00,0,10,"[9,9,9,9,9,9,100,9,9,9,9,9]",2025-11-15,"Image pack, Related searches","navigational, transactional",Organic
doctolib login,60,60,40,33,0.00,https://www.dabadoc.com/ma,0,0,0.00,0,10,"[9,9,9,9,9,9,100,9,9,9,9,9]",2025-11-15,"Image pack, Related searches","navigational, transactional",Organic
proctologue,39,39,720,23,0.00,https://www.dabadoc.com/ma,0,0,0.00,0,266000,"[1,3,3,66,1,100,3,1,66,5,0,3]",2025-10-01,"Image pack, Video, People also ask, Related searches, AI overview",informational,Organic
tbib,61,61,880,27,0.00,https://www.dabadoc.com/ma,0,0,0.00,0,1420000,"[76,55,45,36,76,67,45,67,76,67,76,76]",2025-10-14,People also ask,informational,Organic
tbib,77,77,880,27,0.00,https://www.dabadoc.com/ma/ar/dermatologue/oujda,0,0,0.00,0,1420000,"[76,55,45,36,76,67,45,67,76,67,76,76]",2025-10-14,People also ask,informational,Organic
dr fatiha,53,53,260,18,0.00,https://www.dabadoc.com/ma/en/gynecologist/sale/fatiha-zniber,0,0,0.00,0,7350000,"[81,81,81,100,81,65,65,81,81,34,65,81]",2025-12-25,"Knowledge panel, Image pack, Video, Related searches",informational,Organic
docteur benabou,16,16,40,13,0.00,https://www.dabadoc.com/ma/diabetologue/meknes/malika-benabou,0,0,0.00,0,145000,"[23,11,23,11,11,100,41,11,11,11,11,0]",2025-11-19,Related searches,informational,Organic
richard abittan,22,22,40,17,0.00,https://www.dabadoc.com/ma/en/general-surgeon/casablanca/richard-abittan-1,0,0,0.00,0,55600,"[100,14,78,28,14,14,0,14,14,14,14,14]",2025-11-26,"Knowledge panel, Image pack, Sitelinks, Video, Image, Related searches",informational,Organic
بناني,22,22,110,28,0.36,https://www.dabadoc.com/ma/ar/gastro-enterologue/casablanca/mohamed-bennani-2,0,0,0.00,0.01,919000,"[53,28,53,35,43,12,0,82,35,0,17,0]",2025-12-02,"Image pack, Sitelinks, Video, Image, People also ask, Related searches, See results about",informational,Organic
هدي زين العابدين,7,7,40,25,0.00,https://www.dabadoc.com/ma/ar/oto-rhino-laryngologiste-orl/casablanca/houda-zine-el-abidine,0,0,0.00,0.33,1050000,"[19,19,19,19,26,0,15,19,7,7,7,42]",2025-12-27,"Knowledge panel, Video, Image, Short videos",informational,Organic
dr hachimi,9,0,40,21,0.00,https://www.dabadoc.com/ma/en/psychiatrist/tanger/najib-hachimi,0,0,0.00,0.29,223000,"[100,11,41,11,11,23,11,23,11,11,11,11]",2025-12-31,"Image pack, Video, Image, Related searches",informational,Organic
faiza zaki,27,27,110,27,0.00,https://www.dabadoc.com/ma/cardiologue/sale/faiza-zaki-1,0,0,0.00,0,274000,"[34,81,100,34,12,81,21,12,6,6,6,6]",2025-12-15,"Knowledge panel, Image pack, Video, Image, People also ask, Short videos",informational,Organic
ostéopathe sciatique,84,84,40,0,0.00,https://www.dabadoc.com/ma,0,0,0.00,0,834000,"[22,22,22,77,44,77,55,100,100,11,0,0]",2025-12-15,"Image pack, Image, People also ask, Related searches, AI overview",informational,Organic
al abkari,20,20,40,16,0.00,https://www.dabadoc.com/ma/en/gastroenterologist/fes/mohammed-el-abkari,0,0,0.00,0,170000,"[23,100,23,11,41,11,11,11,11,0,11,0]",2025-11-05,"Image pack, Sitelinks, Video, Image, People also ask, Related searches",informational,Organic
دكتوره,25,25,320,27,0.81,https://www.dabadoc.com/ma/ar/gynecologue-obstetricien/casablanca/leila-yamine,0,0,0.00,0,41800000,"[0,66,0,0,41,30,0,1,0,5,0,0]",2025-09-10,"Video, People also ask, Related searches, See results about, AI overview","commercial, informational",Organic
doctoloib,80,80,70,72,1.25,https://www.dabadoc.com/ma,0,0,0.00,0.02,10600000,"[0,0,0,54,18,1,54,1,0,0,0,0]",2025-12-17,"Knowledge panel, Sitelinks, Video, People also ask, Related searches",navigational,Organic
dabz,95,95,210,26,0.00,https://www.dabadoc.com/ma,0,0,0.00,0,330000,"[81,65,65,53,65,53,53,65,81,100,81,65]",2025-12-05,"Image pack, Video, Image, People also ask, Related searches",informational,Organic
دكتورة العيون,29,29,40,11,0.00,https://www.dabadoc.com/ma/ar/ophtalmologue/rabat,0,0,0.00,0,242000000,"[100,0,64,11,11,11,11,11,11,11,11,11]",2025-12-04,"Image pack, Sitelinks, Video, People also ask, Related searches, AI overview",informational,Organic
doctplib,92,92,30,71,1.25,https://www.dabadoc.com/ma,0,0,0.00,0.02,10700000,"[0,0,0,100,0,0,0,0,0,0,0,0]",2025-12-21,"Knowledge panel, Sitelinks, Video, People also ask, Related searches",navigational,Organic
docteur chana,45,45,110,20,0.00,https://www.dabadoc.com/ma/en/diabetologist/rabat/mounia-chana-diabetologist-endocrinologist-rabat,0,0,0.00,0.02,23100,"[34,43,0,0,0,34,100,0,43,43,65,65]",2025-12-23,"Image pack, Video, Related searches, AI overview",informational,Organic
docteur chana,63,63,110,20,0.00,https://www.dabadoc.com/ma/ophtalmologue/rabat/nawfel-chana,0,0,0.00,0.02,23100,"[34,43,0,0,0,34,100,0,43,43,65,65]",2025-12-23,"Image pack, Video, Related searches, AI overview",informational,Organic
docteur chana,79,79,110,20,0.00,https://www.dabadoc.com/ma/diabetologue/rabat/mounia-chana,0,0,0.00,0.02,23100,"[34,43,0,0,0,34,100,0,43,43,65,65]",2025-12-23,"Image pack, Video, Related searches, AI overview",informational,Organic
endodontiste à proximité,85,85,50,23,0.00,https://www.dabadoc.com/ma/dentiste/casablanca/hay-el-oulfa,0,0,0.00,0,348000,"[0,11,11,29,82,100,100,5,0,11,11]",2025-12-04,"People also ask, Related searches, AI overview",informational,Organic
dab daba,56,56,40,26,0.00,https://www.dabadoc.com/ma,0,0,0.00,0,4070000,"[14,14,14,100,14,64,14,14,14,14,14,14]",2025-12-03,"Knowledge panel, Video, Featured video, Image, Video Carousel, People also ask, Related searches","informational, transactional",Organic
dabado,42,42,140,34,0.00,https://www.dabadoc.com/ma,0,0,0.00,0,8,"[8,8,13,10,6,8,8,8,8,13,10,8]",2025-11-25,"Sitelinks, Video, Image, Related searches",navigational,Organic
cervicofacial,70,70,110,15,0.00,https://www.dabadoc.com/ma,0,0,0.00,0.01,1210000,"[66,66,42,42,52,42,66,52,52,52,52,80]",2025-12-22,"Sitelinks, Video, People also ask, Related searches, AI overview",informational,Organic
othman el alami,2,2,70,14,0.00,https://www.dabadoc.com/ma/en/dentist/marrakech/othman-el-alami,0,0,0.00,0,337000,"[45,45,63,63,45,45,45,81,45,63,81,100]",2025-12-16,"Knowledge panel, Image pack, Video, Related searches, Short videos",informational,Image pack
othman el alami,29,29,70,14,0.00,https://www.dabadoc.com/ma/en/dentist/marrakech/othman-el-alami,0,0,0.00,0,337000,"[45,45,63,63,45,45,45,81,45,63,81,100]",2025-12-16,"Knowledge panel, Image pack, Video, Related searches, Short videos",informational,Organic
othman el alami,54,54,70,14,0.00,https://www.dabadoc.com/ma/chirurgie-buccale/marrakech/othman-el-alami,0,0,0.00,0,337000,"[45,45,63,63,45,45,45,81,45,63,81,100]",2025-12-16,"Knowledge panel, Image pack, Video, Related searches, Short videos",informational,Organic
othman el alami,62,62,70,14,0.00,https://www.dabadoc.com/ma/chirurgie-buccale/marrakech/othman-el-alami,0,0,0.00,0,337000,"[45,45,63,63,45,45,45,81,45,63,81,100]",2025-12-16,"Knowledge panel, Image pack, Video, Related searches, Short videos",informational,Organic
طبيب جلدي,23,23,30,5,1.80,https://www.dabadoc.com/ma/ar/dermatologue/casablanca,0,0,0.00,0.17,10,"[11,11,11,11,11,82,11,11,11,11,11,11]",2025-11-17,"Image pack, Video, Image, Related searches, AI overview",informational,Organic
طبيب جلدي,53,53,30,5,1.80,https://www.dabadoc.com/ma/ar/dermatologue/rabat,0,0,0.00,0.17,10,"[11,11,11,11,11,82,11,11,11,11,11,11]",2025-11-17,"Image pack, Video, Image, Related searches, AI overview",informational,Organic
doctolibre,77,77,880,75,1.25,https://www.dabadoc.com/ma,0,0,0.00,0.02,10700000,"[4,10,30,20,30,36,100,36,54,36,41,54]",2025-12-10,"Knowledge panel, Sitelinks, Video, Related searches",navigational,Organic
datadock,66,66,210,16,1.02,https://www.dabadoc.com/ma,0,0,0.00,0.22,10,"[7,53,43,66,53,66,23,66,53,66,82,100]",2025-11-19,"Knowledge panel, Image pack, Video, Ads bottom, People also ask, Related searches",informational,Organic
datadock,93,93,210,16,1.02,https://www.dabadoc.com/ma,0,0,0.00,0.22,10,"[7,53,43,66,53,66,23,66,53,66,82,100]",2025-11-19,"Knowledge panel, Image pack, Video, Ads bottom, People also ask, Related searches",informational,Organic
home esthe,65,65,50,0,0.00,https://www.dabadoc.com/ma,0,0,0.00,0.02,15500000,"[78,14,14,35,35,35,21,50,0,50,35,35]",2025-11-06,"Image pack, Sitelinks, Video, Image, People also ask, Related searches",commercial,Organic
dostolib,54,54,70,67,1.78,https://www.dabadoc.com/ma,0,0,0.00,0.01,12800000,"[0,0,0,0,0,0,0,100,0,0,0,0]",2025-10-17,"Sitelinks, Video, People also ask, Related searches",navigational,Organic
obstétricien,57,57,40,25,0.00,https://www.dabadoc.com/ma,0,0,0.00,0,1920000,"[100,0,36,9,36,27,81,81,9,9,0,18]",2025-12-23,"Knowledge panel, Sitelinks, Video, Video Carousel, Related searches, AI overview",informational,Organic
angiologue,35,35,40,37,0.00,https://www.dabadoc.com/ma,0,0,0.00,0.02,10,"[1,1,4,1,1,1,11,1,1,1,1,1]",2025-11-15,"Image pack, Sitelinks, Video, People also ask, Related searches, AI overview",informational,Organic
angiologue,53,53,40,37,0.00,https://www.dabadoc.com/ma,0,0,0.00,0.02,10,"[1,1,4,1,1,1,11,1,1,1,1,1]",2025-11-15,"Image pack, Sitelinks, Video, People also ask, Related searches, AI overview",informational,Organic
cervicobrachial neuralgia,42,42,110,18,0.00,https://www.dabadoc.com/ma/en/cervicobrachial-neuralgia,0,0,0.00,0,76,"[6,6,6,6,6,6,53,34,81,100,65,53]",2025-09-10,"Image pack, Sitelinks, Image, People also ask, Related searches, AI overview",informational,Organic
docteur gana,39,39,50,9,0.00,https://www.dabadoc.com/ma/en/neurosurgeon/rabat/rachid-gana,0,0,0.00,0,10,"[0,100,18,100,18,100,100,18,63,36,0,63]",2025-11-23,"Knowledge panel, Image pack, Video, Related searches",informational,Organic
docteur gana,64,64,50,9,0.00,https://www.dabadoc.com/ma/en/neurosurgeon/rabat/rachid-gana,0,0,0.00,0,10,"[0,100,18,100,18,100,100,18,63,36,0,63]",2025-11-23,"Knowledge panel, Image pack, Video, Related searches",informational,Organic
docteur gana,72,72,50,9,0.00,https://www.dabadoc.com/ma/neurochirurgien/rabat/rachid-gana,0,0,0.00,0,10,"[0,100,18,100,18,100,100,18,63,36,0,63]",2025-11-23,"Knowledge panel, Image pack, Video, Related searches",informational,Organic
docteur gana,97,97,50,9,0.00,https://www.dabadoc.com/ma/medecin-generaliste/oujda/fadela-gana,0,0,0.00,0,10,"[0,100,18,100,18,100,100,18,63,36,0,63]",2025-11-23,"Knowledge panel, Image pack, Video, Related searches",informational,Organic
qtqtqt,42,42,140,21,0.02,https://www.dabadoc.com/ma/en/algologist/ait-melloul/qt-qtqt,0,0,0.00,0.02,5020,"[33,42,42,52,66,66,52,52,42,80,66,100]",2025-12-27,"Image pack, Image","commercial, informational",Organic
qtqtqt,72,72,140,21,0.02,https://www.dabadoc.com/ma/algologue-traitement-de-la-douleur/ait-melloul/qt-qtqt,0,0,0.00,0.02,5020,"[33,42,42,52,66,66,52,52,42,80,66,100]",2025-12-27,"Image pack, Image","commercial, informational",Organic
doctolinb,96,96,50,72,1.85,https://www.dabadoc.com/ma,0,0,0.00,0.03,10900000,"[100,0,0,0,0,0,0,0,0,0,0,0]",2025-12-26,"Knowledge panel, Sitelinks, Video, People also ask, Related searches",navigational,Organic
dada moroccan,58,58,40,38,0.00,https://www.dabadoc.com/ma,0,0,0.00,0,928000,"[11,23,41,11,82,41,11,41,11,11,11,11]",2025-12-03,"Knowledge panel, Sitelinks, Video, People also ask, Related searches",navigational,Organic
omeopathe,87,87,140,81,2.65,https://www.dabadoc.com/ma/medecin-generaliste/rabat/lamyae-naima-aljem,0,0,0.00,0.03,3620000,"[34,34,34,26,11,34,80,53,53,53,100,53]",2025-12-26,"Local pack, Sitelinks, Image, Related searches",informational,Organic
dr ahmed amine,26,0,40,13,0.00,https://www.dabadoc.com/ma/en/dentist/temara/dr-ahmed-amine-zizi,0,0,0.00,0.33,3440000,"[28,28,57,42,57,57,100,100,100,100,71,28]",2025-12-31,"Image pack, Video, Image, People also ask, Related searches","commercial, informational",Organic
soctolib,89,89,110,70,1.85,https://www.dabadoc.com/ma,0,0,0.00,0.03,11000000,"[0,67,0,0,100,0,0,0,0,0,0,0]",2025-12-26,"Knowledge panel, Sitelinks, Video, People also ask, Related searches",navigational,Organic
dr sbai,35,35,50,24,0.00,https://www.dabadoc.com/ma/dermatologue/temara/mounir-sbai,0,0,0.00,0,268000,"[78,14,21,78,14,14,64,35,14,14,14,14]",2025-11-12,"Knowledge panel, Top stories, Video, Related searches",informational,Organic
neurologue,41,41,590,32,0.00,https://www.dabadoc.com/ma,0,0,0.00,0,2460000,"[2,2,2,100,2,5,5,3,3,2,2,2]",2025-12-16,"Knowledge panel, Video, Image, Related searches, AI overview",informational,Organic
dr sedki,40,40,40,19,0.00,https://www.dabadoc.com/ma,0,0,0.00,0.01,10,"[18,100,18,18,100,18,18,18,100,18,18,18]",2025-11-17,"Local pack, Image pack, Video",commercial,Organic
doctoblib,90,90,110,73,1.85,https://www.dabadoc.com/ma,0,0,0.00,0.03,10700000,"[0,0,8,8,10,8,0,0,0,0,0,0]",2025-12-25,"Knowledge panel, Sitelinks, Video, Related searches",navigational,Organic
dctolib,92,92,90,27,1.85,https://www.dabadoc.com/ma,0,0,0.00,0.03,10700000,"[0,0,44,100,0,0,0,0,12,0,0,0]",2025-12-22,"Sitelinks, Video, People also ask, Related searches",navigational,Organic
endocrinologue,51,51,2900,29,0.00,https://www.dabadoc.com/ma,0,0,0.00,0,1250000,"[2,2,81,100,81,66,29,3,1,1,1,0]",2025-12-27,"Knowledge panel, Video, Related searches, AI overview",informational,Organic
بعي,22,22,40,24,6.97,https://www.dabadoc.com/ma/ar/urologue/casablanca/walid-bai,0,0,0.00,0,426000,"[0,100,0,0,0,0,53,0,0,0,0,0]",2025-12-21,"Image pack, Sitelinks, Video, Image, Video Carousel, People also ask, Related searches","informational, transactional",Organic
consultation en ligne,77,77,50,69,0.00,https://www.dabadoc.com/ma,0,0,0.00,0.2,294000000,"[26,7,7,11,19,19,26,26,26,42,34,34]",2025-09-11,"Image pack, Sitelinks, Video, People also ask, Related searches","commercial, informational",Organic
neurochirurgien,51,51,40,17,0.00,https://www.dabadoc.com/ma,0,0,0.00,0,10,"[1,0,0,0,2,2,2,1,5,0,0,0]",2025-11-10,"Image pack, Sitelinks, Video, Related searches, AI overview",informational,Organic
dr al kadi,40,40,110,24,0.00,https://www.dabadoc.com/ma/en/pediatric-surgeon/tanger/al-kadi,0,0,0.00,0,7140000,"[80,33,66,52,80,100,52,80,80,33,0,0]",2025-12-11,"Knowledge panel, Video, Related searches","informational, transactional",Organic
docteur banner,59,59,170,36,0.00,https://www.dabadoc.com/ma,0,0,0.00,0.02,70,"[18,23,23,23,18,15,23,23,23,23,100,66]",2025-09-09,"Sitelinks, People also ask, Related searches",,Organic
otorhinolaryngologiste,53,53,170,26,3.37,https://www.dabadoc.com/ma/oto-rhino-laryngologiste-orl/marrakech/adil-tijani,0,0,0.00,0.05,624000,"[1,2,2,26,11,4,4,5,32,100,0,0]",2025-10-17,"Local pack, Sitelinks, Video, Image, People also ask, Related searches, AI overview",informational,Organic
salahddine,45,45,90,33,0.00,https://www.dabadoc.com/ma/en/cardiologist/casablanca/salahddine-slimani,0,0,0.00,0,49100,"[65,65,26,34,0,7,7,0,53,53,34,42]",2025-10-25,"Image pack, Video, Image, People also ask, Related searches",informational,Organic
acupuncture بالعربي,27,27,40,23,0.00,https://www.dabadoc.com/ma/ar/acupuncture,0,0,0.00,0.14,23300000,"[23,11,11,11,23,11,100,52,11,0,11,11]",2025-12-18,"Instant answer, Video, Video Carousel, People also ask, Related searches, AI overview",informational,Organic
frouki,60,60,90,26,0.00,https://www.dabadoc.com/ma/en/psychologist/casablanca/najwa-el-farouki,0,0,0.00,0,40300000,"[0,0,0,1,0,0,0,100,0,0,0,0]",2025-12-21,"Image pack, Sitelinks, Video, Image, Related searches",informational,Organic
دكتور اطفال,37,37,70,11,2.40,https://www.dabadoc.com/ma/ar/neonatologiste,0,0,0.00,0.08,10,"[18,100,63,81,63,45,63,63,63,63,63,81]",2025-11-12,"Image pack, Video, Image, Video Carousel, People also ask, Related searches, AI overview",informational,Organic
وخً,77,77,1600,26,0.00,https://www.dabadoc.com/ma/ar/traumatologue-orthopediste/rabat,0,0,0.00,0,1230000,"[0,0,0,0,100,0,0,0,0,0,0,0]",2025-12-23,"Video, Image, Related searches, Short videos","informational, transactional",Organic
وخً,81,81,1600,26,0.00,https://www.dabadoc.com/ma/ar/traumatologue-orthopediste/rabat,0,0,0.00,0,1230000,"[0,0,0,0,100,0,0,0,0,0,0,0]",2025-12-23,"Video, Image, Related searches, Short videos","informational, transactional",Organic
التازي,14,14,50,31,0.00,https://www.dabadoc.com/ma/ar/ophtalmologue/casablanca/nacer-tazi,0,0,0.00,0,753000,"[18,45,45,45,45,63,63,63,18,100,45,18]",2025-12-11,"Image pack, Sitelinks, Video, Image, Video Carousel, People also ask, Related searches, See results about, Short videos",informational,Organic
pediatre,79,79,390,22,2.00,https://www.dabadoc.com/ma,0,0,0.00,0.05,5920000,"[76,2,55,45,0,100,16,1,16,16,16,20]",2025-12-19,"Image pack, Video, Image, Video Carousel, Related searches, AI overview",informational,Organic
فاهر,23,23,210,17,0.00,https://www.dabadoc.com/ma/ar/traumatologue-orthopediste/marrakech/mohcine-faher,0,0,0.00,0,32800,"[2,2,5,10,15,19,7,12,100,67,19,36]",2025-11-07,"Video, Image, Related searches",informational,Organic
dr morsli,48,48,170,28,4.85,https://www.dabadoc.com/ma/en/ophthalmologist/el-jadida/ilham-morsli,0,0,0.00,0.03,62900,"[80,66,80,100,80,66,80,80,100,100,66,100]",2025-12-01,"Knowledge panel, Video, Related searches",informational,Organic
صيدلية الشفاء,65,65,50,16,0.00,https://www.dabadoc.com/ma/ar/traumatologue-orthopediste/oujda,0,0,0.00,0.01,5950000,"[11,64,64,64,41,29,41,29,11,11,11,11]",2025-10-17,"Sitelinks, Video, Image, Related searches, AI overview",navigational,Organic
rdv ophtalmo,89,89,50,21,0.00,https://www.dabadoc.com/ma,0,0,0.00,0.33,820000,"[18,100,100,100,100,36,18,18,18,18,18,18]",2025-12-23,"Image pack, Sitelinks, Video, People also ask, Related searches",informational,Organic
rdvs,89,89,110,32,0.00,https://www.dabadoc.com/ma,0,0,0.00,0,249000,"[1,3,5,4,0,0,0,0,0,0,0,0]",2025-11-28,"Image pack, Sitelinks, Video, People also ask, Related searches",informational,Organic
vbeam laser rabat morocco,31,31,1000,20,0.00,https://www.dabadoc.com/ma/en/traitement-des-verrues/rabat,0,0,0.00,0,485,"[100,0]",2025-11-27,"Local pack, Video, Image",commercial,Organic
dr nadour,41,41,50,15,0.00,https://www.dabadoc.com/ma/en/dentist/marrakech/aicha-nadour,0,0,0.00,0,21800,"[9,9,9,9,19,52,52,14,14,52,9,9]",2025-12-07,"Local pack, Video, Image, Related searches",commercial,Organic
niya ma,60,60,110,18,1.29,https://www.dabadoc.com/ma/en/gastroenterologist/tetouan/mohamed-niya,0,0,0.00,0.04,21700000,"[0,100,0,0,39,0,0,0,0,0,0,0]",2025-10-18,"Sitelinks, Video, Image, Video Carousel, People also ask, Related searches","commercial, informational",Organic
دكتور سكسي,17,17,70,15,0.00,https://www.dabadoc.com/ma/ar/sexologue,0,0,0.00,0,9,"[29,52,29,52,29,29,29,41,41,41,41,29]",2025-11-07,,"commercial, informational",Organic
dada marrakech,44,44,70,11,0.00,https://www.dabadoc.com/ma,0,0,0.00,0,537000,"[81,100,45,100,63,45,45,27,63,27,18,45]",2025-12-16,"Knowledge panel, Image pack, Video, Image, People also ask, Related searches","informational, transactional",Organic
dr mohamed kadiri,36,36,50,16,0.00,https://www.dabadoc.com/ma/en/general-practitioner/tanger/rachid-kadiri-mohamed,0,0,0.00,0,306000,"[100,71,71,100,100,100,100,71,100,57,100,100]",2025-12-04,"Local pack, Video, Image",commercial,Organic
doctiolib,84,84,50,72,1.25,https://www.dabadoc.com/ma,0,0,0.00,0.02,10700000,"[0,100,0,0,0,0,0,0,0,0,0,0]",2025-12-14,"Knowledge panel, Sitelinks, Video, Related searches",navigational,Organic
dr insaf,49,49,40,10,0.00,https://www.dabadoc.com/ma/en/psychologist/agadir/insaf-charaf,0,0,0.00,0.03,2910000,"[63,45,45,45,36,45,45,18,18,18,18,18]",2025-12-14,"Sitelinks, Video, Related searches","commercial, informational",Organic
dar dada casablanca,54,54,140,23,0.00,https://www.dabadoc.com/ma,0,0,0.00,0,559000,"[66,100,66,66,66,52,66,100,66,52,52,52]",2025-11-10,"Knowledge panel, Image pack, Sitelinks, Video, Image, Related searches",informational,Organic
docctolib,94,94,50,72,1.85,https://www.dabadoc.com/ma,0,0,0.00,0.03,11000000,"[0,100,0,0,0,0,0,0,0,0,0,0]",2025-12-26,"Knowledge panel, Sitelinks, Video, People also ask, Related searches",navigational,Organic
كنكور,21,21,50,12,0.00,https://www.dabadoc.com/ma/ar/gynecologue/casablanca/fatima-azzahra-kenkour,0,0,0.00,0,22400000,"[45,45,45,81,63,18,100,18,18,63,18,63]",2025-12-01,"Image pack, Video, Image, People also ask, Related searches",informational,Organic
doctolib medecin,39,39,40,55,0.00,https://www.dabadoc.com/ma,0,0,0.00,0.02,7600000,"[18,18,18,18,18,18,100,100,100,18,18,18]",2025-09-10,"Image pack, Sitelinks, Video, Related searches",navigational,Organic
علاج التهاب المسالك البولية في المنزل للنساء,89,89,50,11,0.00,https://www.dabadoc.com/ma,0,0,0.00,0,609000,"[78,78,0,0,0,0,0,100,78,78,100,0]",2025-12-04,"Image pack, Sitelinks, Image, Related searches, AI overview",informational,Organic
gastrologue in english,70,70,50,30,0.00,https://www.dabadoc.com/ma,0,0,0.00,0,83,"[18,18,0,18,18,100,100,100,100,45,63,63]",2025-09-11,"Image pack, Video, People also ask, Related searches, AI overview",informational,Organic
dr nabil saleh,77,77,90,18,0.00,https://www.dabadoc.com/ma,0,0,0.00,0.02,1010000,"[52,29,41,41,82,52,52,64,41,52,100,52]",2025-11-23,"Local pack, Video",commercial,Organic
docteur sharifi,59,59,140,7,0.00,https://www.dabadoc.com/ma/ophtalmologue/casablanca/charif-khalifi-mohamed,0,0,0.00,0.01,6260,"[28,28,28,28,34,28,28,28,53,100,43,34]",2025-10-28,"Sitelinks, Video, Related searches, AI overview",informational,Organic
docteur sharifi,84,84,140,7,0.00,https://www.dabadoc.com/ma/ar/ophtalmologue/casablanca/charif-khalifi-mohamed,0,0,0.00,0.01,6260,"[28,28,28,28,34,28,28,28,53,100,43,34]",2025-10-28,"Sitelinks, Video, Related searches, AI overview",informational,Organic
ortopediste,56,56,40,23,3.11,https://www.dabadoc.com/ma,0,0,0.00,0.12,2530000,"[19,19,26,0,19,19,0,19,26,7,7,7]",2025-10-28,"Knowledge panel, Video, Image, People also ask, Related searches, AI overview",informational,Organic
dentist marrakech,10,10,50,0,0.00,https://www.dabadoc.com/ma/en/dentist/marrakech,0,0,0.00,0.06,388000,"[11,11,11,64,64,100,64,11,11,11,11,11]",2025-11-02,"Local pack, Video, Image, People also ask, Related searches",commercial,Organic
dentist marrakech,25,25,50,0,0.00,https://www.dabadoc.com/ma/en/cosmetic-dentist/marrakech/bayane-berrada,0,0,0.00,0.06,388000,"[11,11,11,64,64,100,64,11,11,11,11,11]",2025-11-02,"Local pack, Video, Image, People also ask, Related searches",commercial,Organic
dentist marrakech,36,36,50,0,0.00,https://www.dabadoc.com/ma/dentiste/marrakech,0,0,0.00,0.06,388000,"[11,11,11,64,64,100,64,11,11,11,11,11]",2025-11-02,"Local pack, Video, Image, People also ask, Related searches",commercial,Organic
dr loudyi,8,8,70,21,0.00,https://www.dabadoc.com/ma/en/internist/casablanca/aida-loudyi-internist-rheumatologist-casablanca,0,0,0.00,0.01,10400,"[18,18,18,18,18,100,100,100,100,100,100,81]",2025-12-04,"Knowledge panel, Image pack, Video, Image, Related searches",informational,Image pack
dr loudyi,31,31,70,21,0.00,https://www.dabadoc.com/ma/en/internist/casablanca/aida-loudyi-internist-rheumatologist-casablanca,0,0,0.00,0.01,10400,"[18,18,18,18,18,100,100,100,100,100,100,81]",2025-12-04,"Knowledge panel, Image pack, Video, Image, Related searches",informational,Organic
dr tabib,83,83,170,25,0.00,https://www.dabadoc.com/ma,0,0,0.00,0.01,2130000,"[65,43,34,43,65,53,65,53,65,53,53,65]",2025-12-18,"Knowledge panel, Sitelinks, Video, Related searches",commercial,Organic
drlib,90,90,1900,83,1.85,https://www.dabadoc.com/ma,0,0,0.00,0.03,12700000,"[0,0,0,13,4,10,1,4,1,44,66,100]",2025-12-28,"Knowledge panel, Sitelinks, Video, Related searches",navigational,Organic
ديسكي,29,29,50,35,0.00,https://www.dabadoc.com/ma/ar/dermatologue/casablanca/asmaa-disky,0,0,0.00,0,76100,"[100,18,18,100,18,18,100,18,18,100,18,18]",2025-11-30,"Image pack, Sitelinks, Video, People also ask, Short videos",informational,Organic
mohamed sbay,19,19,70,21,0.00,https://www.dabadoc.com/ma/en/thoracic-surgeon/meknes/mohamed-sbay,0,0,0.00,0,129000,"[100,18,18,18,100,18,18,100,100,100,18,18]",2025-11-28,"Image pack, Video, Image","informational, transactional",Organic
mohamed sbay,30,30,70,21,0.00,https://www.dabadoc.com/ma/en/thoracic-surgeon/meknes/mohamed-sbay,0,0,0.00,0,129000,"[100,18,18,18,100,18,18,100,100,100,18,18]",2025-11-28,"Image pack, Video, Image","informational, transactional",Organic
mohamed sbay,43,43,70,21,0.00,https://www.dabadoc.com/ma/chirurgien-thoracique/meknes/mohamed-sbay,0,0,0.00,0,129000,"[100,18,18,18,100,18,18,100,100,100,18,18]",2025-11-28,"Image pack, Video, Image","informational, transactional",Organic
psychothérapeute à proximité,95,95,40,21,0.00,https://www.dabadoc.com/ma/psychotherapeute/casablanca/california,0,0,0.00,0,4390000,"[0,0,0,5,29,82,100,82,5,0,0,0]",2025-12-11,"Sitelinks, People also ask, Related searches, AI overview","commercial, informational",Organic
doctollib,97,97,320,69,1.25,https://www.dabadoc.com/ma,0,0,0.00,0.02,10700000,"[0,55,55,30,76,0,0,0,0,0,0,45]",2025-12-17,"Knowledge panel, Sitelinks, Video, Related searches",navigational,Organic
est meknes,96,96,40,25,0.00,https://www.dabadoc.com/ma,0,0,0.00,0,11100000,"[80,7,7,7,7,7,7,7,7,7,7,7]",2025-11-27,"Knowledge panel, Sitelinks, Video, Related searches",informational,Organic
mohamed belhadji,14,14,40,11,0.00,https://www.dabadoc.com/ma/en/ophthalmologist/casablanca/mohamed-el-belhadji-ophthalmologist-casablanca,0,0,0.00,0,10,"[36,18,18,18,100,18,18,100,18,18,18,18]",2025-11-10,"Image pack, Video, Image, See results about",informational,Organic
mohamed belhadji,44,44,40,11,0.00,https://www.dabadoc.com/ma/en/ophthalmologist/casablanca/mohamed-el-belhadji,0,0,0.00,0,10,"[36,18,18,18,100,18,18,100,18,18,18,18]",2025-11-10,"Image pack, Video, Image, See results about",informational,Organic
mohamed belhadji,55,55,40,11,0.00,https://www.dabadoc.com/ma/en/ophthalmologist/casablanca/mohamed-el-belhadji,0,0,0.00,0,10,"[36,18,18,18,100,18,18,100,18,18,18,18]",2025-11-10,"Image pack, Video, Image, See results about",informational,Organic
mohamed belhadji,99,99,40,11,0.00,https://www.dabadoc.com/ma/ophtalmologue/casablanca/mohamed-el-belhadji,0,0,0.00,0,10,"[36,18,18,18,100,18,18,100,18,18,18,18]",2025-11-10,"Image pack, Video, Image, See results about",informational,Organic
gynecologue,44,44,90,36,0.00,https://www.dabadoc.com/ma,0,0,0.00,0,10,"[36,10,12,0,2,15,5,5,3,15,15,2]",2025-11-13,"Knowledge panel, Image pack, Video, Image, People also ask, Related searches, Things to know, AI overview",informational,Organic
gynecologue,94,94,90,36,0.00,https://www.dabadoc.com/ma,0,0,0.00,0,10,"[36,10,12,0,2,15,5,5,3,15,15,2]",2025-11-13,"Knowledge panel, Image pack, Video, Image, People also ask, Related searches, Things to know, AI overview",informational,Organic
rafiael,46,46,110,73,1.74,https://www.dabadoc.com/ma/en/ophthalmologist/tanger/rafia-el-ghazi-el-hossaini,0,0,0.00,0,368000000,"[39,100,0,0,0,0,0,0,0,0,0,0]",2025-12-07,"Image pack, Sitelinks, Video, Image, Related searches, AI overview",informational,Organic
دكتور جلدية,43,43,70,14,0.00,https://www.dabadoc.com/ma/ar/dermatologue,0,0,0.00,0,12300000,"[64,82,64,100,100,5,11,5,5,5,5,17]",2025-09-10,"Image pack, Video, Featured snippet, Image, Related searches, See results about",informational,Organic
amine bachar,40,40,40,21,0.00,https://www.dabadoc.com/ma/en/general-practitioner/casablanca/abdelkebir-bachar,0,0,0.00,0,87300,"[41,11,11,11,11,11,23,100,11,11,11,11]",2025-12-21,"Image pack, Video, Image, See results about, Short videos",informational,Organic
dr atlassi,15,15,90,14,0.00,https://www.dabadoc.com/ma/en/sexologist/casablanca/mohammed-atlassi-sexologist-casablanca,0,0,0.00,0,49,"[64,50,50,78,64,64,78,50,78,78,64,78]",2025-09-09,"Knowledge panel, Image pack, Video, Related searches",informational,Image pack
dr atlassi,19,19,90,14,0.00,https://www.dabadoc.com/ma/en/internist/casablanca/hassna-atlassi,0,0,0.00,0,49,"[64,50,50,78,64,64,78,50,78,78,64,78]",2025-09-09,"Knowledge panel, Image pack, Video, Related searches",informational,Organic
dr atlassi,28,28,90,14,0.00,https://www.dabadoc.com/ma/en/pediatrician/casablanca/aicha-abid-atlassi,0,0,0.00,0,49,"[64,50,50,78,64,64,78,50,78,78,64,78]",2025-09-09,"Knowledge panel, Image pack, Video, Related searches",informational,Organic
معالج نفسي,40,40,40,17,0.00,https://www.dabadoc.com/ma/ar/psychologue/rabat,0,0,0.00,0,15800000,"[0,11,11,29,41,23,41,100,11,5,5,5]",2025-12-24,"Sitelinks, Video, Image, People also ask, Related searches","commercial, informational",Organic
معالج نفسي,61,61,40,17,0.00,https://www.dabadoc.com/ma/ar/psychologue/casablanca,0,0,0.00,0,15800000,"[0,11,11,29,41,23,41,100,11,5,5,5]",2025-12-24,"Sitelinks, Video, Image, People also ask, Related searches","commercial, informational",Organic
doctolibn,94,94,110,83,1.85,https://www.dabadoc.com/ma,0,0,0.00,0.03,10700000,"[0,0,0,27,0,0,0,0,4,0,0,0]",2025-12-22,"Knowledge panel, Sitelinks, Video, People also ask, Related searches",navigational,Organic
dr zafrani,40,0,40,17,2.31,https://www.dabadoc.com/ma/en/obstetrician-gynecologist/casablanca/dina-yaelle-zafrani,0,0,0.00,0.07,232000,"[11,11,64,11,11,11,11,11,64,11,11,11]",2025-12-31,"Sitelinks, Video, Related searches","commercial, informational",Organic
دكتور نساء وتوليد,97,97,30,6,1.76,https://www.dabadoc.com/ma,0,0,0.00,0.28,10,"[40,40,40,20,60,60,100,100,100,100,40,40]",2025-11-15,"Image pack, Video, Image, People also ask, Related searches, AI overview",informational,Organic
doctaralia,90,90,40,47,0.36,https://www.dabadoc.com/ma,0,0,0.00,0.07,11200000,"[0,8,0,0,0,66,0,0,0,0,0,0]",2025-11-30,"Sitelinks, Video, People also ask, Related searches",navigational,Organic
افضل دكتور ناسور شرجي بالليزر,86,86,140,15,0.00,https://www.dabadoc.com/ma/ar/hemorroides-fistules/casablanca,0,0,0.00,0,46500,"[81,0,100,23,1,0,0,0]",2025-12-20,"Video, Featured snippet, Video Carousel, People also ask, Related searches",informational,Organic
saeyd,48,48,40,21,0.00,https://www.dabadoc.com/ma/en/psychotherapist/marrakech/talhaoui-saeyd,0,0,0.00,0,183000,"[11,82,100,11,11,11,11,11,11,11,11,11]",2025-12-13,"Image pack, Video, Image, Video Carousel",informational,Organic
tichor,20,20,70,22,0.00,https://www.dabadoc.com/ma/en/dentist/marrakech/achraf-tichor,0,0,0.00,0.02,115000,"[0,100,0,0,0,0,0,1,0,1,2,0]",2025-12-25,"Image, See results about",informational,Organic
tichor,44,44,70,22,0.00,https://www.dabadoc.com/ma/en/thoracic-surgeon/marrakech/driss-tichor-1,0,0,0.00,0.02,115000,"[0,100,0,0,0,0,0,1,0,1,2,0]",2025-12-25,"Image, See results about",informational,Organic
tichor,84,84,70,22,0.00,https://www.dabadoc.com/ma/en/general-practitioner/kenitra/driss-tichor,0,0,0.00,0.02,115000,"[0,100,0,0,0,0,0,1,0,1,2,0]",2025-12-25,"Image, See results about",informational,Organic
dermatologist sale,76,76,30,18,2.20,https://www.dabadoc.com/ma/en/dermatologist/sale,0,0,0.00,0.68,45000000,"[0,18,18,18,18,100,18,18,18,18,18,18]",2025-12-14,"Local pack, Sitelinks, Video, Image, Related searches",transactional,Organic
doctolin,95,95,40,28,1.85,https://www.dabadoc.com/ma,0,0,0.00,0.03,10700000,"[0,0,0,0,23,44,1,0,0,0,0,0]",2025-12-22,"Sitelinks, Video, People also ask, Related searches",navigational,Organic
bdoctolib,95,95,50,72,1.85,https://www.dabadoc.com/ma,0,0,0.00,0.03,11000000,"[0,100,0,0,0,0,0,0,0,0,0,0]",2025-12-26,"Knowledge panel, Sitelinks, Video, People also ask, Related searches",navigational,Organic
amina benjelloun,10,10,40,21,0.00,https://www.dabadoc.com/ma/en/general-practitioner/meknes/amina-benjelloun,0,0,0.00,0.33,113000,"[23,23,64,100,11,11,11,11,11,11,11,11]",2025-12-29,"Image pack, Video, Image, See results about, Short videos",informational,Organic
amina benjelloun,42,42,40,21,0.00,https://www.dabadoc.com/ma/chirurgien-vasculaire/rabat/amira-benjelloun,0,0,0.00,0.33,113000,"[23,23,64,100,11,11,11,11,11,11,11,11]",2025-12-29,"Image pack, Video, Image, See results about, Short videos",informational,Organic
amina benjelloun,54,54,40,21,0.00,https://www.dabadoc.com/ma/medecin-generaliste/meknes/amina-benjelloun,0,0,0.00,0.33,113000,"[23,23,64,100,11,11,11,11,11,11,11,11]",2025-12-29,"Image pack, Video, Image, See results about, Short videos",informational,Organic
docteur hami,24,24,70,14,0.00,https://www.dabadoc.com/ma/medecin-generaliste/kenitra/fouzia-hami,0,0,0.00,0.03,65,"[63,45,45,45,45,45,45,18,100,100,63,63]",2025-09-10,"Local pack, Image pack, Video",commercial,Organic
hamatologist,52,52,70,41,2.74,https://www.dabadoc.com/ma/en/hematologist/casablanca/asmae-loukili-idrissi,0,0,0.00,0.06,611,"[30,0,0,45,0,0,0,0,0,0,0,0]",2025-10-17,"Local pack, Video, Image, People also ask, Related searches, AI overview",informational,Organic
imane casablanca,23,23,70,26,0.00,https://www.dabadoc.com/ma/en/gastroenterologist/casablanca/imane-rahmouni-1,0,0,0.00,0,1090000,"[100,55,55,55,77,77,77,55,77,55,77,77]",2025-12-21,"Knowledge panel, Top stories, Video, Image, Video Carousel, Related searches",informational,Organic
imane casablanca,60,60,70,26,0.00,https://www.dabadoc.com/ma/en/gynecologist/casablanca/imane-bekouchi,0,0,0.00,0,1090000,"[100,55,55,55,77,77,77,55,77,55,77,77]",2025-12-21,"Knowledge panel, Top stories, Video, Image, Video Carousel, Related searches",informational,Organic
imane casablanca,96,96,70,26,0.00,https://www.dabadoc.com/ma/en/ophthalmologist/casablanca/imane-mghinia,0,0,0.00,0,1090000,"[100,55,55,55,77,77,77,55,77,55,77,77]",2025-12-21,"Knowledge panel, Top stories, Video, Image, Video Carousel, Related searches",informational,Organic
mortaki,32,32,140,29,0.00,https://www.dabadoc.com/ma/dermatologue/casablanca/abdellah-mortaki,0,0,0.00,0,71300,"[15,19,15,12,12,15,15,15,23,15,19,15]",2025-10-22,"Image pack, Sitelinks, Video, Image, Related searches, AI overview",informational,Organic
mortaki,46,46,140,29,0.00,https://www.dabadoc.com/ma/esthetique-dentaire/casablanca/karim-mortaki,0,0,0.00,0,71300,"[15,19,15,12,12,15,15,15,23,15,19,15]",2025-10-22,"Image pack, Sitelinks, Video, Image, Related searches, AI overview",informational,Organic
mortaki,52,52,140,29,0.00,https://www.dabadoc.com/ma/en/dentist/casablanca/karim-mortaki,0,0,0.00,0,71300,"[15,19,15,12,12,15,15,15,23,15,19,15]",2025-10-22,"Image pack, Sitelinks, Video, Image, Related searches, AI overview",informational,Organic
boc deprotection,75,75,880,29,0.00,https://www.dabadoc.com/ma,0,0,0.00,0,1210000,"[67,55,55,55,67,100,76,76,67,67,67,67]",2025-12-09,"Image pack, Sitelinks, Video, Related searches, AI overview",informational,Organic
مراكز علاج الإدمان في المغرب,6,6,90,6,0.00,https://www.dabadoc.com/ma/ar/addictologue/casablanca,0,0,0.00,0,10,"[50,35,64,100,64]",2025-11-16,"Local pack, Image pack, Video, Video Carousel, People also ask, Related searches",commercial,Organic
مراكز علاج الإدمان في المغرب,23,23,90,6,0.00,https://www.dabadoc.com/ma/ar/addictologue/rabat,0,0,0.00,0,10,"[50,35,64,100,64]",2025-11-16,"Local pack, Image pack, Video, Video Carousel, People also ask, Related searches",commercial,Organic
مراكز علاج الإدمان في المغرب,33,33,90,6,0.00,https://www.dabadoc.com/ma/ar/addictologue/sale,0,0,0.00,0,10,"[50,35,64,100,64]",2025-11-16,"Local pack, Image pack, Video, Video Carousel, People also ask, Related searches",commercial,Organic
kamal benjelloun,14,14,40,25,0.00,https://www.dabadoc.com/ma/en/diabetologist/casablanca/el-mostafa-kamal-benjelloun,0,0,0.00,0,182000,"[29,17,17,23,11,11,41,64,23,17,11,17]",2025-12-17,"Knowledge panel, Video, Image, People also ask, Related searches, Short videos",informational,Organic
kamal benjelloun,24,24,40,25,0.00,https://www.dabadoc.com/ma/diabetologue/casablanca/el-mostafa-kamal-benjelloun,0,0,0.00,0,182000,"[29,17,17,23,11,11,41,64,23,17,11,17]",2025-12-17,"Knowledge panel, Video, Image, People also ask, Related searches, Short videos",informational,Organic
faiz1,30,30,210,24,0.00,https://www.dabadoc.com/ma/en/rheumatologist/casablanca/souad-faiz-1,0,0,0.00,0.33,65400,"[0,0,0,0,0,0,30,100,55,1,1,1]",2025-12-30,"Image pack, Sitelinks, Video, Image, Video Carousel, Related searches","informational, transactional",Organic
pédodontiste à proximité,62,62,50,24,0.00,https://www.dabadoc.com/ma/pedodontiste/casablanca/hay-el-oulfa,0,0,0.00,0,321000,"[0,0,11,29,82,100,82,5,0,0,0]",2025-12-09,People also ask,informational,Organic
linkedin zocdoc,80,80,50,41,0.00,https://www.dabadoc.com/ma,0,0,0.00,0,165000,"[11,11,11,11,64,100,64,11,11,11,11,11]",2025-12-05,"Sitelinks, Related searches",navigational,Organic
anas baba,53,53,260,34,0.00,https://www.dabadoc.com/ma,0,0,0.00,0,4000000,"[9,3,9,17,11,72,14,11,7,72,88,17]",2025-12-08,"Knowledge panel, Top stories, Video, Image, People also ask, Related searches",informational,Organic
dr isaac cohen,36,36,50,10,0.00,https://www.dabadoc.com/ma/en/ear-nose-and-throat-doctor-ent/casablanca/isaac-cohen,0,0,0.00,0,12400000,"[45,45,36,45,45,36,36,45,45,45,45,45]",2025-11-11,"Knowledge panel, Image pack, Video, People also ask","informational, transactional",Organic
دابا,91,91,90,23,0.00,https://www.dabadoc.com/ma,0,0,0.00,0,3670000,"[0,0,0,0,0,0,0,0,3,100,2,3]",2025-12-07,"Image pack, Video, Image, Video Carousel, Related searches","informational, transactional",Organic
دكتور العينين,90,90,90,31,1.79,https://www.dabadoc.com/ma/ar/ophtalmologue/casablanca,0,0,0.00,0.16,181000000,"[50,78,64,50,64,64,64,78,50,64,78,100]",2025-12-25,"Image pack, Sitelinks, Video, People also ask, Related searches, AI overview",informational,Organic
medadel,39,39,40,22,0.00,https://www.dabadoc.com/ma/en/dentist/marrakech/nizar-loukil-ben-med-adel,0,0,0.00,0.33,38800,"[41,29,29,23,29,29,29,41,11,11,11,11]",2025-12-24,,informational,Organic
dentiste doctolib,67,67,70,37,0.00,https://www.dabadoc.com/ma,0,0,0.00,0.09,5920000,"[9,52,52,52,52,52,23,23,23,14,14,9]",2025-11-27,"Sitelinks, Video, Related searches",navigational,Organic
دكتورالاسنان,76,76,1900,9,0.94,https://www.dabadoc.com/ma/ar/dentiste/casablanca,0,0,0.00,0,337000,"[0,0,0,0,3,19,0,19,0,10,54,81]",2025-12-28,"Image pack, Video, Image, Video Carousel, People also ask","informational, transactional",Organic
osteopathe,98,98,480,48,0.00,https://www.dabadoc.com/ma,0,0,0.00,0.01,10400000,"[2,2,4,3,0,3,3,2,3,2,3,2]",2025-09-09,"Knowledge panel, Local pack, Image pack, Video, Image, People also ask, Related searches, Things to know, AI overview",informational,Organic
arfoud,76,76,210,19,0.89,https://www.dabadoc.com/ma,0,0,0.00,0.02,310000,"[18,100,22,54,54,43,66,29,35,22,29,35]",2025-12-25,"Knowledge panel, Video, Image, People also ask, Related searches","commercial, informational",Organic
casa rhino,70,70,50,22,0.63,https://www.dabadoc.com/ma,0,0,0.00,0.12,83,"[100,100,27,45,45,45,45,36,45,18,27,36]",2025-09-09,"Image pack, Sitelinks, Video, Related searches",navigational,Organic
daba daba doo,57,57,110,27,0.00,https://www.dabadoc.com/ma,0,0,0.00,0,938000,"[43,34,34,65,53,43,28,21,21,28,28,28]",2025-12-01,"Image pack, Sitelinks, Video, Video Carousel, Related searches, AI overview",informational,Organic
dr laila attar,22,22,70,12,0.00,https://www.dabadoc.com/ma/en/general-practitioner/casablanca/layla-el-attar,0,0,0.00,0,6,"[81,100,81,63,63,63,63,63,63,63,63,63]",2025-11-16,"Knowledge panel, Video, People also ask",informational,Organic
السكساوي,25,25,390,23,0.00,https://www.dabadoc.com/ma/ar/psychologue/marrakech/oumniya-seksaoui,0,0,0.00,0,78,"[16,13,10,16,13,13,13,10,8,100,67,67]",2025-09-08,,informational,Organic
dioctolib,85,85,170,83,1.25,https://www.dabadoc.com/ma,0,0,0.00,0.02,10700000,"[5,0,36,0,0,0,0,0,81,0,0,0]",2025-12-14,"Knowledge panel, Sitelinks, Video, Related searches",navigational,Organic
casa de sante,76,76,170,24,0.00,https://www.dabadoc.com/ma,0,0,0.00,0.67,82,"[35,35,28,15,23,6,28,35,35,35,35,44]",2025-09-09,"Knowledge panel, Sitelinks, Video, People also ask, Related searches",navigational,Organic
doctor hajar,55,55,70,11,0.00,https://www.dabadoc.com/ma/en/ophthalmologist/fes/hajar-hanguir,0,0,0.00,0.01,4520000,"[27,18,9,18,81,81,81,100,100,81,63,100]",2025-12-02,"Knowledge panel, Video, Related searches",informational,Organic
ostéopathe autour de moi,78,78,480,38,0.00,https://www.dabadoc.com/ma,0,0,0.00,0,4200000,"[3,0,0,0,100,65,1,2,0,0,0,0]",2025-12-26,"Local pack, Sitelinks, Video, Image, People also ask, Related searches",commercial,Organic
dr dabba,74,74,40,12,0.00,https://www.dabadoc.com/ma,0,0,0.00,0,4280000,"[9,9,66,9,9,9,9,9,52,9,9,9]",2025-12-21,"Knowledge panel, Sitelinks, Video, Related searches",commercial,Organic

